<?xml version="1.0"?>
<doc>
    <assembly>
        <name>DotNetNuke.Modules.Events.ScheduleControl</name>
    </assembly>
    <members>
        <member name="F:DotNetNuke.Modules.Events.ScheduleControl.ScheduleItemType.Item">
            -----------------------------------------------------------------------------
            <summary>
            Standard item in a schedule
            </summary>
            -----------------------------------------------------------------------------
        </member>
        <member name="F:DotNetNuke.Modules.Events.ScheduleControl.ScheduleItemType.AlternatingItem">
            -----------------------------------------------------------------------------
            <summary>
            Alternating standard item in a schedule
            </summary>
            -----------------------------------------------------------------------------
        </member>
        <member name="F:DotNetNuke.Modules.Events.ScheduleControl.ScheduleItemType.RangeHeader">
            -----------------------------------------------------------------------------
            <summary>
            Item in the range header column or row. In the derived ScheduleCalendar,
            this is an item in the time header.
            </summary>
            -----------------------------------------------------------------------------
        </member>
        <member name="F:DotNetNuke.Modules.Events.ScheduleControl.ScheduleItemType.TitleHeader">
            -----------------------------------------------------------------------------
            <summary>
            Item in the title header column or row. In the derived ScheduleCalendar,
            this is an item in the date header.
            </summary>
            -----------------------------------------------------------------------------
        </member>
        <member name="F:DotNetNuke.Modules.Events.ScheduleControl.ScheduleItemType.DateHeader">
            -----------------------------------------------------------------------------
            <summary>
            Item in the optional date header column or row.
            Only used in the derived ScheduleGeneral control.
            </summary>
            -----------------------------------------------------------------------------
        </member>
        <member name="F:DotNetNuke.Modules.Events.ScheduleControl.LayoutEnum.Horizontal">
            -----------------------------------------------------------------------------
            <summary>
            In Horizontal layout, the range values (times in ScheduleCalendar) are shown horizontally
            in the first row, and the titles (dates in ScheduleCalendar) are shown vertically in the first column.
            </summary>
            -----------------------------------------------------------------------------
        </member>
        <member name="F:DotNetNuke.Modules.Events.ScheduleControl.LayoutEnum.Vertical">
            -----------------------------------------------------------------------------
            <summary>
            In Vertical layout, the range values (times in ScheduleCalendar) are shown vertically
            in the first column, and the titles (dates in ScheduleCalendar) are shown horizontally in the first row.
            </summary>
            -----------------------------------------------------------------------------
        </member>
        <member name="T:DotNetNuke.Modules.Events.ScheduleControl.BaseSchedule">
             -----------------------------------------------------------------------------
             Project	 : schedule
             Class	 : BaseSchedule
            
             -----------------------------------------------------------------------------
             <summary>
             BaseSchedule is the base class for the ScheduleGeneral and ScheduleCalendar controls
             </summary>
             -----------------------------------------------------------------------------
        </member>
        <member name="P:DotNetNuke.Modules.Events.ScheduleControl.BaseSchedule.arrRangeValues">
            -----------------------------------------------------------------------------
            <summary>
            list with values to be shown in row header
            </summary>
            -----------------------------------------------------------------------------
        </member>
        <member name="P:DotNetNuke.Modules.Events.ScheduleControl.BaseSchedule.Items">
            -----------------------------------------------------------------------------
            <summary>
            Items is a collection object that contains the ScheduleItem objects
            </summary>
            -----------------------------------------------------------------------------
        </member>
        <member name="P:DotNetNuke.Modules.Events.ScheduleControl.BaseSchedule.ShowEmptyDataTemplate">
            -----------------------------------------------------------------------------
            <summary>
            Whether to show the EmptyDataTemplate or not when no data is found
            </summary>
            <remarks>
            Overridden in ScheduleCalendar when FullTimeScale=True
            </remarks>
            -----------------------------------------------------------------------------
        </member>
        <member name="P:DotNetNuke.Modules.Events.ScheduleControl.BaseSchedule.IncludeEndValue">
            -----------------------------------------------------------------------------
            <summary>
            If IncludeEndValue is true, the event is shown including the end row or column
            </summary>
            -----------------------------------------------------------------------------
        </member>
        <member name="P:DotNetNuke.Modules.Events.ScheduleControl.BaseSchedule.ShowValueMarks">
            -----------------------------------------------------------------------------
            <summary>
            If ShowValueMarks is true, value marks will be shown in the range header column or row.
            Applied only when IncludeEndValue is false.
            </summary>
            -----------------------------------------------------------------------------
        </member>
        <member name="P:DotNetNuke.Modules.Events.ScheduleControl.BaseSchedule.DataSource">
            -----------------------------------------------------------------------------
            <summary>
            The data source that is used to show items in the schedule
            </summary>
            -----------------------------------------------------------------------------
        </member>
        <member name="P:DotNetNuke.Modules.Events.ScheduleControl.BaseSchedule.DataMember">
            -----------------------------------------------------------------------------
            <summary>
            The table or view used for binding when a DataSet is used as a data source.
            </summary>
            -----------------------------------------------------------------------------
        </member>
        <member name="P:DotNetNuke.Modules.Events.ScheduleControl.BaseSchedule.DataRangeStartField">
            -----------------------------------------------------------------------------
            <summary>
            The database field containing the start of the items.
            </summary>
            -----------------------------------------------------------------------------
        </member>
        <member name="P:DotNetNuke.Modules.Events.ScheduleControl.BaseSchedule.DataRangeEndField">
            -----------------------------------------------------------------------------
            <summary>
            The database field containing the end of the items.
            </summary>
            -----------------------------------------------------------------------------
        </member>
        <member name="P:DotNetNuke.Modules.Events.ScheduleControl.BaseSchedule.TitleField">
            -----------------------------------------------------------------------------
            <summary>
            The database field providing the titles.
            In Calendar mode this field should be of type Date when TimeFieldsContainDate=false.
            </summary>
            -----------------------------------------------------------------------------
        </member>
        <member name="P:DotNetNuke.Modules.Events.ScheduleControl.BaseSchedule.ItemStyleField">
            -----------------------------------------------------------------------------
            <summary>
            An optional database field providing the item styles (in the form of a css class name).
            If not provided, then the ItemStyle property will be used for all items.
            </summary>
            -----------------------------------------------------------------------------
        </member>
        <member name="P:DotNetNuke.Modules.Events.ScheduleControl.BaseSchedule.FullTimeScale">
            -----------------------------------------------------------------------------
            <summary>
            Boolean value indicating if a full time scale should be shown.
            If true, show a full time scale.
            If false, show only the occurring values in the data source.
            </summary>
            -----------------------------------------------------------------------------
        </member>
        <member name="P:DotNetNuke.Modules.Events.ScheduleControl.BaseSchedule.TimeScaleInterval">
            -----------------------------------------------------------------------------
            <summary>
            The number of minutes between each mark on the time scale. Only used when FullTimeScale is true.
            </summary>
            -----------------------------------------------------------------------------
        </member>
        <member name="P:DotNetNuke.Modules.Events.ScheduleControl.BaseSchedule.StartOfTimeScale">
            -----------------------------------------------------------------------------
            <summary>
            The start of the time scale. Only used when FullTimeScale is true.
            </summary>
            -----------------------------------------------------------------------------
        </member>
        <member name="P:DotNetNuke.Modules.Events.ScheduleControl.BaseSchedule.EndOfTimeScale">
            -----------------------------------------------------------------------------
            <summary>
            The end of the time scale. Only used when FullTimeScale is true.
            </summary>
            -----------------------------------------------------------------------------
        </member>
        <member name="P:DotNetNuke.Modules.Events.ScheduleControl.BaseSchedule.CellPadding">
            -----------------------------------------------------------------------------
            <summary>
            The cell padding of the rendered table.
            </summary>
            -----------------------------------------------------------------------------
        </member>
        <member name="P:DotNetNuke.Modules.Events.ScheduleControl.BaseSchedule.CellSpacing">
            -----------------------------------------------------------------------------
            <summary>
            The cell spacing of the rendered table.
            </summary>
            -----------------------------------------------------------------------------
        </member>
        <member name="P:DotNetNuke.Modules.Events.ScheduleControl.BaseSchedule.GridLines">
            -----------------------------------------------------------------------------
            <summary>
            The grid lines to be shown in the rendered table.
            </summary>
            -----------------------------------------------------------------------------
        </member>
        <member name="P:DotNetNuke.Modules.Events.ScheduleControl.BaseSchedule.HorizontalAlign">
            -----------------------------------------------------------------------------
            <summary>
            The horizontal alignment of text in the table.
            </summary>
            -----------------------------------------------------------------------------
        </member>
        <member name="P:DotNetNuke.Modules.Events.ScheduleControl.BaseSchedule.EnableEmptySlotClick">
            -----------------------------------------------------------------------------
            <summary>
            When true, clicking on an empty slot in the control will raize the OnEmptySlotClick event.
            </summary>
            -----------------------------------------------------------------------------
        </member>
        <member name="P:DotNetNuke.Modules.Events.ScheduleControl.BaseSchedule.EmptySlotToolTip">
            -----------------------------------------------------------------------------
            <summary>
            ToolTip on empty slots. Only shown when EmptySlotClickEnabled is true.
            </summary>
            -----------------------------------------------------------------------------
        </member>
        <member name="P:DotNetNuke.Modules.Events.ScheduleControl.BaseSchedule.ItemStyle">
            -----------------------------------------------------------------------------
            <summary>
            The style applied to schedule items.
            </summary>
        </member>
        <member name="P:DotNetNuke.Modules.Events.ScheduleControl.BaseSchedule.AlternatingItemStyle">
            -----------------------------------------------------------------------------
            <summary>
            The style applied to alternating schedule items.
            </summary>
            -----------------------------------------------------------------------------
        </member>
        <member name="P:DotNetNuke.Modules.Events.ScheduleControl.BaseSchedule.RangeHeaderStyle">
            -----------------------------------------------------------------------------
            <summary>
            The style applied to range header items.
            </summary>
            -----------------------------------------------------------------------------
        </member>
        <member name="P:DotNetNuke.Modules.Events.ScheduleControl.BaseSchedule.TitleStyle">
            -----------------------------------------------------------------------------
            <summary>
            The style applied to title items.
            </summary>
            -----------------------------------------------------------------------------
        </member>
        <member name="P:DotNetNuke.Modules.Events.ScheduleControl.BaseSchedule.BackgroundStyle">
            -----------------------------------------------------------------------------
            <summary>
            The style applied to the background cells.
            </summary>
            -----------------------------------------------------------------------------
        </member>
        <member name="P:DotNetNuke.Modules.Events.ScheduleControl.BaseSchedule.ItemTemplate">
            -----------------------------------------------------------------------------
            <summary>
            Main template providing content for each regular item in the body of the schedule.
            </summary>
            -----------------------------------------------------------------------------
        </member>
        <member name="P:DotNetNuke.Modules.Events.ScheduleControl.BaseSchedule.EmptyDataTemplate">
            -----------------------------------------------------------------------------
            <summary>
            Optional template providing content to be shown when the data source is empty.
            This template is not used by the ScheduleCalendar control when FullTimeScale=True.
            </summary>
            -----------------------------------------------------------------------------
        </member>
        <member name="M:DotNetNuke.Modules.Events.ScheduleControl.BaseSchedule.OnEmptySlotClick(DotNetNuke.Modules.Events.ScheduleControl.ClickableTableCellEventArgs)">
            -----------------------------------------------------------------------------
            <summary>
            Raised when EnableEmptySlotClick is true and the user clicks on an empty slot.
            </summary>
            <param name="e">Event argument with information about the cell that was clicked</param>
            -----------------------------------------------------------------------------
        </member>
        <member name="F:DotNetNuke.Modules.Events.ScheduleControl.BaseSchedule.ItemCommandEvent">
            -----------------------------------------------------------------------------
            <summary>
            Raised when a CommandEvent occurs within an item.
            </summary>
            <param name="sender"></param>
            <param name="e"></param>
            -----------------------------------------------------------------------------
        </member>
        <member name="F:DotNetNuke.Modules.Events.ScheduleControl.BaseSchedule.ItemCreatedEvent">
            -----------------------------------------------------------------------------
            <summary>
            Raised when an item is created and is ready for customization.
            </summary>
            <param name="sender"></param>
            <param name="e"></param>
            -----------------------------------------------------------------------------
        </member>
        <member name="F:DotNetNuke.Modules.Events.ScheduleControl.BaseSchedule.ItemDataBoundEvent">
            -----------------------------------------------------------------------------
            <summary>
            Raised when an item is data-bound.
            </summary>
            <param name="sender"></param>
            <param name="e"></param>
            -----------------------------------------------------------------------------
        </member>
        <member name="F:DotNetNuke.Modules.Events.ScheduleControl.BaseSchedule.EmptySlotClickEvent">
            -----------------------------------------------------------------------------
            <summary>
            Occurs when the user clicks on an empty slot.
            </summary>
            <param name="sender"></param>
            <param name="e"></param>
            -----------------------------------------------------------------------------
        </member>
        <member name="M:DotNetNuke.Modules.Events.ScheduleControl.BaseSchedule.CheckVersion">
            -----------------------------------------------------------------------------
            <summary>
            Checks if the application is running on the proper version of ASP.NET.
            If not, an exception is thrown.
            </summary>
            -----------------------------------------------------------------------------
        </member>
        <member name="M:DotNetNuke.Modules.Events.ScheduleControl.BaseSchedule.DataBind">
            -----------------------------------------------------------------------------
            <summary>
            Overrides Control.Databind.
            </summary>
            -----------------------------------------------------------------------------
        </member>
        <member name="M:DotNetNuke.Modules.Events.ScheduleControl.BaseSchedule.OnDataBinding(System.EventArgs)">
            -----------------------------------------------------------------------------
            <summary>
            Overrides Control.OnDatabinding.
            </summary>
            -----------------------------------------------------------------------------
        </member>
        <member name="M:DotNetNuke.Modules.Events.ScheduleControl.BaseSchedule.CheckConfiguration">
            -----------------------------------------------------------------------------
            <summary>
            Check if all properties are set to make the control work
            Override this function in derived versions.
            </summary>
            <returns></returns>
            -----------------------------------------------------------------------------
        </member>
        <member name="M:DotNetNuke.Modules.Events.ScheduleControl.BaseSchedule.FillRangeValueArray(System.Data.DataView@)">
            -----------------------------------------------------------------------------
            <summary>
            Create the list with all range header values (Start or End)
            </summary>
            <param name="dv"></param>
            -----------------------------------------------------------------------------
        </member>
        <member name="M:DotNetNuke.Modules.Events.ScheduleControl.BaseSchedule.RemoveDoubles(System.Collections.ArrayList)">
            -----------------------------------------------------------------------------
            <summary>
            Remove any doubles from the ArrayList and
            </summary>
            <param name="arr">The ArrayList object</param>
            -----------------------------------------------------------------------------
        </member>
        <member name="M:DotNetNuke.Modules.Events.ScheduleControl.BaseSchedule.PreprocessData(System.Data.DataView@)">
            -----------------------------------------------------------------------------
            <summary>
            Pre-process the data in the dataview
            Currently only used in ScheduleCalendar to split the items that span midnight
            </summary>
            <param name="dv">The DataView object containing the data</param>
            -----------------------------------------------------------------------------
        </member>
        <member name="M:DotNetNuke.Modules.Events.ScheduleControl.BaseSchedule.FillTitleValueArray(System.Data.DataView@)">
            -----------------------------------------------------------------------------
            <summary>
            Create the list with all the title values
            </summary>
            <param name="dvView">The DataView object containing the data</param>
            -----------------------------------------------------------------------------
        </member>
        <member name="M:DotNetNuke.Modules.Events.ScheduleControl.BaseSchedule.GetRepetitionCount">
            -----------------------------------------------------------------------------
            <summary>
            Get the number of times the control should repeat the schedule
            (every time with new headers)
            </summary>
            <returns>An integer value indicating the repetition count</returns>
            <remarks>
            Overridden in ScheduleCalendar to return NumberOfRepetitions (usually number of weeks)
            </remarks>
            -----------------------------------------------------------------------------
        </member>
        <member name="M:DotNetNuke.Modules.Events.ScheduleControl.BaseSchedule.CreateEmptyTable">
            -----------------------------------------------------------------------------
            <summary>
            Create a Table control with the right number of rows and columns.
            The actual content is added later.
            </summary>
            -----------------------------------------------------------------------------
        </member>
        <member name="M:DotNetNuke.Modules.Events.ScheduleControl.BaseSchedule.AddDateHeaderData">
            -----------------------------------------------------------------------------
            <summary>
            Add date headers to the table when SeparateDateHeader=True
            Overridden only in ScheduleGeneral to add date header data
            </summary>
            -----------------------------------------------------------------------------
        </member>
        <member name="M:DotNetNuke.Modules.Events.ScheduleControl.BaseSchedule.AddRangeHeaderData">
            -----------------------------------------------------------------------------
            <summary>
            Iterate the arrRangeValues array, creating a new header item for each data item
            </summary>
            -----------------------------------------------------------------------------
        </member>
        <member name="M:DotNetNuke.Modules.Events.ScheduleControl.BaseSchedule.AddData(System.Data.DataView)">
            -----------------------------------------------------------------------------
            <summary>
            Add the actual items from the data source to the body of the table
            </summary>
            <param name="dvView">The data view that contains the data items</param>
            -----------------------------------------------------------------------------
        </member>
        <member name="M:DotNetNuke.Modules.Events.ScheduleControl.BaseSchedule.AddRangeValueMarks">
            -----------------------------------------------------------------------------
            <summary>
            Add range value marks to indicate the range values
            </summary>
            -----------------------------------------------------------------------------
        </member>
        <member name="M:DotNetNuke.Modules.Events.ScheduleControl.BaseSchedule.CalculateRangeCellIndex(System.Object,System.Object,System.Boolean)">
            -----------------------------------------------------------------------------
            <summary>
            Calculate the range cell index in the table, given the objRangeValue and the objTitleValue
            The values refer to the real cell index in the table, taking into account whether cells are
            spanning over value marks (in horizontal mode)
            In vertical layout, the result is the real row index in the table
            In horizontal layout, the result is the real cell index in the row (before any merging
            of cells due to value spanning)
            </summary>
            <param name="objRangeValue">The range value from the data source</param>
            <param name="objTitleValue">The title value from the data source</param>
            <param name="isEndValue">False if we're calculating the range value index for the
            start of the item, True if it's the end</param>
            <returns>The range cell index</returns>
            -----------------------------------------------------------------------------
        </member>
        <member name="M:DotNetNuke.Modules.Events.ScheduleControl.BaseSchedule.CalculateTitleIndex(System.Object)">
            -----------------------------------------------------------------------------
            <summary>
            Calculate the TitleIndex in the table, given the objTitleValue
            </summary>
            <param name="objTitleValue">The title value from the data source</param>
            <returns>The title index</returns>
            -----------------------------------------------------------------------------
        </member>
        <member name="M:DotNetNuke.Modules.Events.ScheduleControl.BaseSchedule.MergeCells(System.Int32,System.Int32,System.Int32)">
            -----------------------------------------------------------------------------
            <summary>
            Merge cells starting at startCellIndex
            </summary>
            <param name="startCellIndex">Index of the first cell to merge.</param>
            <param name="titleIndex">Row or column containing the adjacent cells.</param>
            <param name="Span">Number of columns or rows that the newly merged cell should span.</param>
            <returns>The newly merged cell if successful. Nothing when merging fails.</returns>
            <remarks>
            In horizontal layout, merging may start at 0
            </remarks>
            -----------------------------------------------------------------------------
        </member>
        <member name="M:DotNetNuke.Modules.Events.ScheduleControl.BaseSchedule.RemoveCells(System.Int32,System.Int32,System.Int32)">
            -----------------------------------------------------------------------------
            <summary>
            Removes all the cells from startValueIndex to endValueIndex, except the first cell
            </summary>
            <param name="startCellIndex">Index of the first cell to remove.</param>
            <param name="endCellIndex">Index of the last cell to remove.</param>
            <param name="titleIndex">Row or column containing the adjacent cells.</param>
            -----------------------------------------------------------------------------
        </member>
        <member name="M:DotNetNuke.Modules.Events.ScheduleControl.BaseSchedule.RemoveCell(System.Int32,System.Int32)">
            -----------------------------------------------------------------------------
            <summary>
            Removes the cell at cellValueIndex
            </summary>
            <param name="cellValueIndex">Cell value index of the cell to be removed.</param>
            <param name="titleIndex">Title index of the cell to be removed.</param>
            -----------------------------------------------------------------------------
        </member>
        <member name="M:DotNetNuke.Modules.Events.ScheduleControl.BaseSchedule.GetSplitSpan(System.Int32,System.Int32)">
            -----------------------------------------------------------------------------
            <summary>
            in vertical layout, get the column span. In horizontal layout, get the row span
            </summary>
            <param name="valueIndex">Value index of the cell</param>
            <param name="titleIndex">Title index of the cell</param>
            <returns>Integer value indicating the span width</returns>
            -----------------------------------------------------------------------------
        </member>
        <member name="M:DotNetNuke.Modules.Events.ScheduleControl.BaseSchedule.IsRangeAlreadySpanning(System.Int32,System.Int32,System.Int32)">
            -----------------------------------------------------------------------------
            <summary>
            Check if the cells at titleIndex are already spanning over multiple rows or columns
            for the given range. The span must be the same over that range.
            </summary>
            <param name="titleIndex">Title index of the range</param>
            <param name="firstCellIndex"></param>
            <param name="lastCellIndex"></param>
            <returns>True or false</returns>
            -----------------------------------------------------------------------------
        </member>
        <member name="M:DotNetNuke.Modules.Events.ScheduleControl.BaseSchedule.SplitTitle(System.Int32,System.Int32,System.Int32)">
            -----------------------------------------------------------------------------
            <summary>
            Split a column or row in 2 in order to allow the display of overlapping items.
            </summary>
            <param name="titleIndex">Title index of the cells to be split</param>
            <param name="firstCellIndexToSplit">Index of the first cell in the range to split</param>
            <param name="lastCellIndexToSplit">Index of the last cell in the range to split</param>
            -----------------------------------------------------------------------------
        </member>
        <member name="M:DotNetNuke.Modules.Events.ScheduleControl.BaseSchedule.GetDataView">
            -----------------------------------------------------------------------------
            <summary>
            Get the DataView from the DataSource and DataMember properties
            </summary>
            <returns></returns>
            -----------------------------------------------------------------------------
        </member>
        <member name="M:DotNetNuke.Modules.Events.ScheduleControl.BaseSchedule.InstantiateItem(DotNetNuke.Modules.Events.ScheduleControl.ScheduleItem,System.Web.UI.WebControls.TableCell)">
            -----------------------------------------------------------------------------
            <summary>
            Instantiate item using the corresponding template (if any)
            </summary>
            <param name="item">ScheduleItem to instantiate</param>
            <param name="cell">corresponding table cell</param>
            -----------------------------------------------------------------------------
        </member>
        <member name="M:DotNetNuke.Modules.Events.ScheduleControl.BaseSchedule.FormatDataValue(System.Object,DotNetNuke.Modules.Events.ScheduleControl.ScheduleItemType)">
            -----------------------------------------------------------------------------
            <summary>
            when there's no template, try to present the data in a reasonable format
            </summary>
            <param name="value">Value of the item</param>
            <param name="type">Type of the item</param>
            <returns>A formatted string</returns>
            -----------------------------------------------------------------------------
        </member>
        <member name="M:DotNetNuke.Modules.Events.ScheduleControl.BaseSchedule.CreateItem(System.Int32,System.Int32,DotNetNuke.Modules.Events.ScheduleControl.ScheduleItemType,System.Boolean,System.Object,System.Int32)">
            <summary>
            Create the item
            </summary>
            <param name="cellValueIndex">Cell value index of the item</param>
            <param name="titleIndex">Title index of the item</param>
            <param name="itemType">Type of the item</param>
            <param name="dataBind">Whether databinding should be performed</param>
            <param name="dataItem">Data item of the item</param>
            <param name="dataSetIndex">Index of the item in the dataset</param>
            <returns>The newly created ScheduleItem</returns>
            -----------------------------------------------------------------------------
        </member>
        <member name="M:DotNetNuke.Modules.Events.ScheduleControl.BaseSchedule.GetValueSpan(System.Int32,System.Int32)">
            -----------------------------------------------------------------------------
            <summary>
            In vertical layout, get the row span. In horizontal layout, get the column span
            </summary>
            <param name="cellValueIndex">Cell value index of the item</param>
            <param name="titleIndex">Title index of the item</param>
            <returns>The integer value of the span</returns>
            -----------------------------------------------------------------------------
        </member>
        <member name="M:DotNetNuke.Modules.Events.ScheduleControl.BaseSchedule.SetValueSpan(System.Int32,System.Int32,System.Int32)">
            -----------------------------------------------------------------------------
            <summary>
            in vertical layout, set the row span. In horizontal layout, set the column span
            </summary>
            <param name="cellValueIndex">Cell value index of the item</param>
            <param name="titleIndex">Title index of the item</param>
            <param name="span">The new span value</param>
            -----------------------------------------------------------------------------
        </member>
        <member name="M:DotNetNuke.Modules.Events.ScheduleControl.BaseSchedule.GetCell(System.Int32,System.Int32)">
            -----------------------------------------------------------------------------
            <summary>
            Get the cell at the given indexes.
            </summary>
            <param name="cellValueIndex">Cell value index of the item</param>
            <param name="titleIndex">Title index of the item</param>
            <returns>The TableCell object of the corresponding cell</returns>
            -----------------------------------------------------------------------------
        </member>
        <member name="M:DotNetNuke.Modules.Events.ScheduleControl.BaseSchedule.RenderEmptyDataTemplate">
            -----------------------------------------------------------------------------
            <summary>
            Show the EmptyDataTemplate when the data source is empty
            </summary>
            -----------------------------------------------------------------------------
        </member>
        <member name="M:DotNetNuke.Modules.Events.ScheduleControl.BaseSchedule.OnBubbleEvent(System.Object,System.EventArgs)">
            -----------------------------------------------------------------------------
            <summary>
            Handle events raised by children by overriding OnBubbleEvent.
            </summary>
            <param name="source">the source of the event</param>
            <param name="e">event data</param>
            <returns>true if the event has been handled</returns>
            -----------------------------------------------------------------------------
        </member>
        <member name="M:DotNetNuke.Modules.Events.ScheduleControl.BaseSchedule.RaisePostBackEvent(System.String)">
            -----------------------------------------------------------------------------
            <summary>
            RaisePostBackEvent is called when the user clicks on an empty slot
            (see clickabletablecell.vb)
            </summary>
            <param name="eventArgument">String with the event argument.
            Contains something like "3-7", where 3 is the row and 7 the column </param>
            -----------------------------------------------------------------------------
        </member>
        <member name="M:DotNetNuke.Modules.Events.ScheduleControl.BaseSchedule.CalculateTitle(System.Int32,System.Int32)">
            ' -----------------------------------------------------------------------------
            ' <summary>
            ' Calculate the title value given the cell index
            ' </summary>
            ' <param name="titleIndex">Title index of the cell</param>
            ' <returns>Object containing the title</returns>
            ' -----------------------------------------------------------------------------
        </member>
        <member name="M:DotNetNuke.Modules.Events.ScheduleControl.BaseSchedule.CalculateRangeValueIndex(System.Int32,System.Int32)">
            -----------------------------------------------------------------------------
            <summary>
            Calculate the range value index given the cell index
            </summary>
            <param name="row">Row of the cell</param>
            <param name="column">Column of the cell</param>
            <returns>Integer containing the range value index</returns>
            -----------------------------------------------------------------------------
        </member>
        <member name="M:DotNetNuke.Modules.Events.ScheduleControl.BaseSchedule.CalculateRowsPerRepetition">
            -----------------------------------------------------------------------------
            <summary>
            Calculate the number of rows per repetition
            </summary>
            <returns>Integer containing the number of rows</returns>
            -----------------------------------------------------------------------------
        </member>
        <member name="M:DotNetNuke.Modules.Events.ScheduleControl.BaseSchedule.SaveControlTree">
            -----------------------------------------------------------------------------
            <summary>
            Save information for use in round trips (enough to re-create the control tree).
            </summary>
            -----------------------------------------------------------------------------
        </member>
        <member name="M:DotNetNuke.Modules.Events.ScheduleControl.BaseSchedule.LoadControlTree">
            -----------------------------------------------------------------------------
            <summary>
            Recreate the control tree from viewstate
            </summary>
            -----------------------------------------------------------------------------
        </member>
        <member name="M:DotNetNuke.Modules.Events.ScheduleControl.BaseSchedule.LoadViewState(System.Object)">
            -----------------------------------------------------------------------------
            <summary>
            Customized state management to handle saving state of contained objects.
            </summary>
            <param name="savedState"></param>
            -----------------------------------------------------------------------------
        </member>
        <member name="M:DotNetNuke.Modules.Events.ScheduleControl.BaseSchedule.SaveViewState">
            -----------------------------------------------------------------------------
            <summary>
            Customize state management to handle saving state of contained objects such as styles.
            </summary>
            <returns></returns>
            -----------------------------------------------------------------------------
        </member>
        <member name="M:DotNetNuke.Modules.Events.ScheduleControl.BaseSchedule.TrackViewState">
            -----------------------------------------------------------------------------
            <summary>
            Customize state management to handle saving state of contained objects such as styles.
            </summary>
            -----------------------------------------------------------------------------
        </member>
        <member name="T:DotNetNuke.Modules.Events.ScheduleControl.CalendarPropertyBuilder">
             -----------------------------------------------------------------------------
             Project	 : schedule
             Class	 : CalendarPropertyBuilder
            
             -----------------------------------------------------------------------------
             <summary>
             CalendarPropertyBuilder provides an easy interface to set all the properties
             for the ScheduleCalendar control.
             </summary>
             -----------------------------------------------------------------------------
        </member>
        <member name="T:DotNetNuke.Modules.Events.ScheduleControl.ClickableTableCell">
             -----------------------------------------------------------------------------
             Project	 : schedule
             Class	 : ClickableTableCell
            
             -----------------------------------------------------------------------------
             <summary>
             The ClickableTableCell class is used for causing postback when the user
             clicks on empty slots
             </summary>
        </member>
        <member name="T:DotNetNuke.Modules.Events.ScheduleControl.ClickableTableCellEventArgs">
             -----------------------------------------------------------------------------
             Project	 : schedule
             Class	 : ClickableTableCellEventArgs
            
             -----------------------------------------------------------------------------
             <summary>
             The ClickableTableCellEventArgs class is used when the user clicks on an empty slot
             </summary>
        </member>
        <member name="T:DotNetNuke.Modules.Events.ScheduleControl.MonthControl.MyDayOfWeek">
            <summary>
            Enumerator for Days of Week
            </summary>
        </member>
        <member name="F:DotNetNuke.Modules.Events.ScheduleControl.MonthControl.MyDayOfWeek.Monday">
            <summary>
            Monday
            </summary>
        </member>
        <member name="F:DotNetNuke.Modules.Events.ScheduleControl.MonthControl.MyDayOfWeek.Tuesday">
            <summary>
            Tuesday
            </summary>
        </member>
        <member name="F:DotNetNuke.Modules.Events.ScheduleControl.MonthControl.MyDayOfWeek.Wednesday">
            <summary>
            Wednesday
            </summary>
        </member>
        <member name="F:DotNetNuke.Modules.Events.ScheduleControl.MonthControl.MyDayOfWeek.Thursday">
            <summary>
            Thursday
            </summary>
        </member>
        <member name="F:DotNetNuke.Modules.Events.ScheduleControl.MonthControl.MyDayOfWeek.Friday">
            <summary>
            Friday
            </summary>
        </member>
        <member name="F:DotNetNuke.Modules.Events.ScheduleControl.MonthControl.MyDayOfWeek.Saturday">
            <summary>
            Saturday
            </summary>
        </member>
        <member name="F:DotNetNuke.Modules.Events.ScheduleControl.MonthControl.MyDayOfWeek.Sunday">
            <summary>
            Sunday
            </summary>
        </member>
        <member name="T:DotNetNuke.Modules.Events.ScheduleControl.MonthControl.DNNCalendar">
            <summary>
            Fixes Web Calendar Control Style Issues
            </summary>
        </member>
        <member name="P:DotNetNuke.Modules.Events.ScheduleControl.MonthControl.DNNCalendar.WeekEndDays">
            <summary>
            Set WeekEnd days
            </summary>
        </member>
        <member name="M:DotNetNuke.Modules.Events.ScheduleControl.MonthControl.DNNCalendar.#ctor">
            <summary>
            Initializes a new instance of the <see cref="T:DotNetNuke.Modules.Events.ScheduleControl.MonthControl.DNNCalendar"/> class.
            </summary>
            <remarks>
            Use this constructor to create and initialize a new instance of
            the <see cref="T:DotNetNuke.Modules.Events.ScheduleControl.MonthControl.DNNCalendar"/> class.
            </remarks>
        </member>
        <member name="M:DotNetNuke.Modules.Events.ScheduleControl.MonthControl.DNNCalendar.Render(System.Web.UI.HtmlTextWriter)">
            <summary>
            This member overrides <see cref="M:System.Web.UI.Control.Render(System.Web.UI.HtmlTextWriter)"/>.
            </summary>
        </member>
        <member name="M:DotNetNuke.Modules.Events.ScheduleControl.MonthControl.DNNCalendar.RaisePostBackEvent(System.String)">
            <summary>
            Handles a post back event targeted at the control.
            </summary>
            <param name="eventArgument">
            A <see cref="T:System.String"/> representing the event argument passed to the handler.
            </param>
        </member>
        <member name="T:DotNetNuke.Modules.Events.ScheduleControl.ScheduleCalendar">
             -----------------------------------------------------------------------------
             Project	 : schedule
             Class	 : ScheduleCalendar
            
             -----------------------------------------------------------------------------
             <summary>
             The ScheduleCalendar web control is designed to represent a schedule in a calendar format.
             </summary>
             -----------------------------------------------------------------------------
        </member>
        <member name="P:DotNetNuke.Modules.Events.ScheduleControl.ScheduleCalendar.ShowEmptyDataTemplate">
            -----------------------------------------------------------------------------
            <summary>
            Whether to show the EmptyDataTemplate or not when no data is found
            </summary>
            <remarks>
            Overrides default value (True)
            </remarks>
            -----------------------------------------------------------------------------
        </member>
        <member name="P:DotNetNuke.Modules.Events.ScheduleControl.ScheduleCalendar.StartTimeField">
            -----------------------------------------------------------------------------
            <summary>
            The database field containing the start time of the events. This field should also contain the date when TimeFieldsContainDate=true
            </summary>
            <remarks>
            StartTimeField replaces DataRangeStartField for ScheduleCalendar
            </remarks>
            -----------------------------------------------------------------------------
        </member>
        <member name="P:DotNetNuke.Modules.Events.ScheduleControl.ScheduleCalendar.EndTimeField">
            -----------------------------------------------------------------------------
            <summary>
            The database field containing the end time of the events. This field should also contain the date when TimeFieldsContainDate=true
            </summary>
            <remarks>
            EndTimeField replaces DataRangeEndField for ScheduleCalendar
            </remarks>
            -----------------------------------------------------------------------------
        </member>
        <member name="P:DotNetNuke.Modules.Events.ScheduleControl.ScheduleCalendar.DateField">
            -----------------------------------------------------------------------------
            <summary>
            The database field providing the dates. Ignored when TimeFieldsContainDate=true. When TimeFieldsContainDate=false, this field should be of type Date
            </summary>
            <remarks>
            DateField replaces TitleField for ScheduleCalendar
            </remarks>
            -----------------------------------------------------------------------------
        </member>
        <member name="P:DotNetNuke.Modules.Events.ScheduleControl.ScheduleCalendar.StartDate">
            -----------------------------------------------------------------------------
            <summary>
            The first date to display.
            The calendar will start on this date, if not overridden by the
            StartDay and NumberOfDays settings.
            The default value is the date at the time of display.
            </summary>
            -----------------------------------------------------------------------------
        </member>
        <member name="P:DotNetNuke.Modules.Events.ScheduleControl.ScheduleCalendar.StartDay">
            -----------------------------------------------------------------------------
            <summary>
            The first day of the week to display.
            The calendar will start on this day of the week.
            This value is used only when NumberOfDays equals 7.
            The default is Monday.
            </summary>
            -----------------------------------------------------------------------------
        </member>
        <member name="P:DotNetNuke.Modules.Events.ScheduleControl.ScheduleCalendar.NumberOfDays">
            -----------------------------------------------------------------------------
            <summary>
            The number of days to display.
            This number may be repeated multiple times in Vertical layout when the NumberOfRepetitions
            property is greater than 1.
            De default value is 7 (weekly calendar).
            </summary>
            -----------------------------------------------------------------------------
        </member>
        <member name="P:DotNetNuke.Modules.Events.ScheduleControl.ScheduleCalendar.NumberOfRepetitions">
            -----------------------------------------------------------------------------
            <summary>
            The number of repetitions to show at a time. Only used in Vertical layout.
            Especially useful if you want to show several weeks in the calendar, one
            below the other.
            This property replaces the Weeks property starting from version 1.6.1.
            </summary>
            -----------------------------------------------------------------------------
        </member>
        <member name="P:DotNetNuke.Modules.Events.ScheduleControl.ScheduleCalendar.Weeks">
            -----------------------------------------------------------------------------
            <summary>
            Obsolete since version 1.6.1. Use the NumberOfRepetitions property instead.
            </summary>
            -----------------------------------------------------------------------------
        </member>
        <member name="P:DotNetNuke.Modules.Events.ScheduleControl.ScheduleCalendar.DateFormatString">
            -----------------------------------------------------------------------------
            <summary>
            The format used for the date if the DateTemplate is missing, e.g. {0:ddd d}
            </summary>
            -----------------------------------------------------------------------------
        </member>
        <member name="P:DotNetNuke.Modules.Events.ScheduleControl.ScheduleCalendar.TimeFormatString">
            -----------------------------------------------------------------------------
            <summary>
            The format used for the time if the TimeTemplate is missing, e.g. {0:hh:mm}
            </summary>
            -----------------------------------------------------------------------------
        </member>
        <member name="P:DotNetNuke.Modules.Events.ScheduleControl.ScheduleCalendar.TimeFieldsContainDate">
            -----------------------------------------------------------------------------
            <summary>
            Indicates whether the time fields (StartTimeField and EndTimeField) contain the date as well. Whe true, this allows midnight spanning for calendar events. When false, the DateField contains the date.
            </summary>
            <remarks>
            TimeFieldsContainDate replaces UseTitleFieldAsDate for ScheduleCalendar
            </remarks>
            -----------------------------------------------------------------------------
        </member>
        <member name="P:DotNetNuke.Modules.Events.ScheduleControl.ScheduleCalendar.TimeStyle">
            -----------------------------------------------------------------------------
            <summary>
            The style applied to time header items.
            </summary>
            <remarks>
            TimeStyle replaces RangeHeaderStyle for ScheduleCalendar
            </remarks>
            -----------------------------------------------------------------------------
        </member>
        <member name="P:DotNetNuke.Modules.Events.ScheduleControl.ScheduleCalendar.DateStyle">
            -----------------------------------------------------------------------------
            <summary>
            The style applied to date header items.
            </summary>
            <remarks>
            DateStyle replaces TitleStyle for ScheduleCalendar
            </remarks>
            -----------------------------------------------------------------------------
        </member>
        <member name="M:DotNetNuke.Modules.Events.ScheduleControl.ScheduleCalendar.FillRangeValueArray(System.Data.DataView@)">
            -----------------------------------------------------------------------------
            <summary>
            create the list with all times (Start or End)
            </summary>
            <param name="dv"></param>
            -----------------------------------------------------------------------------
        </member>
        <member name="M:DotNetNuke.Modules.Events.ScheduleControl.ScheduleCalendar.PreprocessData(System.Data.DataView@)">
            -----------------------------------------------------------------------------
            <summary>
            When TimeFieldsContainDate=True, items could span over midnight, even several days.
            Split them.
            </summary>
            <param name="dv"></param>
            <remarks>Used to be called "SplitItemsThatSpanMidnight"</remarks>
            -----------------------------------------------------------------------------
        </member>
        <member name="M:DotNetNuke.Modules.Events.ScheduleControl.ScheduleCalendar.CalculateTitleIndex(System.Object)">
            -----------------------------------------------------------------------------
            <summary>
            calculate the TitleIndex in the table, given the objTitleValue
            </summary>
            <param name="objTitleValue"></param>
            <returns></returns>
            -----------------------------------------------------------------------------
        </member>
        <member name="M:DotNetNuke.Modules.Events.ScheduleControl.ScheduleCalendar.CalculateRangeCellIndex(System.Object,System.Object,System.Boolean)">
            -----------------------------------------------------------------------------
            <summary>
            Calculate the range cell index in the table, given the objRangeValue and the objTitleValue
            The values refer to the real cell index in the table, taking into account whether cells are
            spanning over value marks (in horizontal mode)
            In vertical layout, the result is the real row index in the table
            In horizontal layout, the result is the real cell index in the row (before any merging
            of cells due to value spanning)
            </summary>
            <param name="objRangeValue">The range value from the data source</param>
            <param name="objTitleValue">The title value from the data source</param>
            <param name="isEndValue">False if we're calculating the range value index for the start of the item, True if it's the end</param>
            <returns>The range cell index</returns>
            -----------------------------------------------------------------------------
        </member>
        <member name="M:DotNetNuke.Modules.Events.ScheduleControl.ScheduleCalendar.FormatDataValue(System.Object,DotNetNuke.Modules.Events.ScheduleControl.ScheduleItemType)">
            -----------------------------------------------------------------------------
            <summary>
            when there's no template, try to present the data in a reasonable format
            </summary>
            <param name="value">Value of the item</param>
            <param name="type">Type of the item</param>
            <returns>A formatted string</returns>
            -----------------------------------------------------------------------------
        </member>
        <member name="M:DotNetNuke.Modules.Events.ScheduleControl.ScheduleCalendar.CalculateTitle(System.Int32,System.Int32)">
            ' -----------------------------------------------------------------------------
            ' <summary>
            ' Calculate the title value given the cell index
            ' </summary>
            ' <param name="titleIndex">Title index of the cell</param>
            ' <returns>Object containing the title</returns>
            ' -----------------------------------------------------------------------------
        </member>
        <member name="T:DotNetNuke.Modules.Events.ScheduleControl.ScheduleCommandEventArgs">
             -----------------------------------------------------------------------------
             Project	 : schedule
             Class	 : ScheduleItemEventArgs
            
             -----------------------------------------------------------------------------
             <summary>
             The ScheduleItemEventArgs class can be used with the OnItemCommand event of the Schedule controls
             </summary>
        </member>
        <member name="T:DotNetNuke.Modules.Events.ScheduleControl.ScheduleGeneral">
             -----------------------------------------------------------------------------
             Project	 : schedule
             Class	 : ScheduleGeneral
            
             -----------------------------------------------------------------------------
             <summary>
             The ScheduleGeneral web control is designed to represent a schedule in a general format.
             </summary>
             -----------------------------------------------------------------------------
        </member>
        <member name="P:DotNetNuke.Modules.Events.ScheduleControl.ScheduleGeneral.arrTitleValues">
            -----------------------------------------------------------------------------
            <summary>
            list with values to be shown in title header
            </summary>
            -----------------------------------------------------------------------------
        </member>
        <member name="P:DotNetNuke.Modules.Events.ScheduleControl.ScheduleGeneral.SeparateDateHeader">
            -----------------------------------------------------------------------------
            <summary>
            When true, a separate header will be added for the date.
            This requires DataRangeStartField and DataRangeEndField to be of type DateTime.
            </summary>
            -----------------------------------------------------------------------------
        </member>
        <member name="P:DotNetNuke.Modules.Events.ScheduleControl.ScheduleGeneral.TitleDataFormatString">
            -----------------------------------------------------------------------------
            <summary>
            The format used for the title if the TitleTemplate is missing, e.g. {0:ddd d}
            </summary>
            -----------------------------------------------------------------------------
        </member>
        <member name="P:DotNetNuke.Modules.Events.ScheduleControl.ScheduleGeneral.RangeDataFormatString">
            -----------------------------------------------------------------------------
            <summary>
            The format used for the ranges if the RangeHeaderTemplate is missing, e.g. {0:hh:mm}
            </summary>
            -----------------------------------------------------------------------------
        </member>
        <member name="P:DotNetNuke.Modules.Events.ScheduleControl.ScheduleGeneral.DateHeaderDataFormatString">
            -----------------------------------------------------------------------------
            <summary>
            The format used for the date header if SeparateDateHeader=True and the DateHeaderTemplate is missing, e.g. {0:dd/MM}
            </summary>
            -----------------------------------------------------------------------------
        </member>
        <member name="P:DotNetNuke.Modules.Events.ScheduleControl.ScheduleGeneral.AutoSortTitles">
            -----------------------------------------------------------------------------
            <summary>
            When true, titles will automatically be sorted alphabetically.
            When false, you may provide your own sorting order for the titles, but make sure
            that the items with the same titles are grouped together, and that for each title,
            the items are sorted on DataRangeStartField first and on DataRangeEndField next.
            (for example: if you want to sort on a field called "SortOrder", the
            DataRangeStartField is "StartTime", and the DataRangeEndField is "EndTime",
            use the sorting expression "ORDER BY SortOrder ASC, StartTime ASC, EndTime ASC")
            The default value for AutoSortTitles is true.
            </summary>
            -----------------------------------------------------------------------------
        </member>
        <member name="M:DotNetNuke.Modules.Events.ScheduleControl.ScheduleGeneral.FillRangeValueArray(System.Data.DataView@)">
            -----------------------------------------------------------------------------
            <summary>
            create the list with all range header values (Start or End)
            </summary>
            <param name="dv"></param>
            -----------------------------------------------------------------------------
        </member>
        <member name="M:DotNetNuke.Modules.Events.ScheduleControl.ScheduleGeneral.FillTitleValueArray(System.Data.DataView@)">
            -----------------------------------------------------------------------------
            <summary>
            create the list with all titles
            </summary>
            <param name="dv"></param>
            -----------------------------------------------------------------------------
        </member>
        <member name="M:DotNetNuke.Modules.Events.ScheduleControl.ScheduleGeneral.AddDateHeaderData">
            -----------------------------------------------------------------------------
            <summary>
            Add date headers to the table when SeparateDateHeader=True
            </summary>
            -----------------------------------------------------------------------------
        </member>
        <member name="M:DotNetNuke.Modules.Events.ScheduleControl.ScheduleGeneral.CalculateTitleIndex(System.Object)">
            -----------------------------------------------------------------------------
            <summary>
            calculate the TitleIndex in the table, given the objTitleValue
            </summary>
            <param name="objTitleValue"></param>
            <returns></returns>
            -----------------------------------------------------------------------------
        </member>
        <member name="M:DotNetNuke.Modules.Events.ScheduleControl.ScheduleGeneral.CalculateRangeCellIndex(System.Object,System.Object,System.Boolean)">
            -----------------------------------------------------------------------------
            <summary>
            Calculate the range cell index in the table, given the objRangeValue and the objTitleValue
            The values refer to the real cell index in the table, taking into account whether cells are
            spanning over value marks (in horizontal mode)
            In vertical layout, the result is the real row index in the table
            In horizontal layout, the result is the real cell index in the row (before any merging
            of cells due to value spanning)
            </summary>
            <param name="objRangeValue">The range value from the data source</param>
            <param name="objTitleValue">The title value from the data source</param>
            <param name="isEndValue">False if we're calculating the range value index for the start of the item, True if it's the end</param>
            <returns>The range cell index</returns>
            -----------------------------------------------------------------------------
        </member>
        <member name="M:DotNetNuke.Modules.Events.ScheduleControl.ScheduleGeneral.FormatDataValue(System.Object,DotNetNuke.Modules.Events.ScheduleControl.ScheduleItemType)">
            -----------------------------------------------------------------------------
            <summary>
            when there's no template, try to present the data in a reasonable format
            </summary>
            <param name="value">Value of the item</param>
            <param name="type">Type of the item</param>
            <returns>A formatted string</returns>
            -----------------------------------------------------------------------------
        </member>
        <member name="M:DotNetNuke.Modules.Events.ScheduleControl.ScheduleGeneral.CalculateTitle(System.Int32,System.Int32)">
            ' -----------------------------------------------------------------------------
            ' <summary>
            ' Calculate the title (data source value) given the cell index
            ' </summary>
            ' <param name="titleIndex">Title index of the cell</param>
            ' <returns>Object containing the title</returns>
            ' -----------------------------------------------------------------------------
        </member>
        <member name="T:DotNetNuke.Modules.Events.ScheduleControl.ScheduleItem">
             -----------------------------------------------------------------------------
             Project	 : schedule
             Class	 : ScheduleItem
            
             -----------------------------------------------------------------------------
             <summary>
             The ScheduleItem class represents an item in the Schedule control.
             It can either be an item in the schedule itself, or a header item.
             </summary>
             -----------------------------------------------------------------------------
        </member>
        <member name="T:DotNetNuke.Modules.Events.ScheduleControl.ScheduleItemCollection">
             -----------------------------------------------------------------------------
             Project	 : schedule
             Class	 : ScheduleItemCollection
            
             -----------------------------------------------------------------------------
             <summary>
             The ScheduleItemCollection class represents a collection of ScheduleItem objects.
             </summary>
             -----------------------------------------------------------------------------
        </member>
        <member name="T:DotNetNuke.Modules.Events.ScheduleControl.ScheduleItemEventArgs">
             -----------------------------------------------------------------------------
             Project	 : schedule
             Class	 : ScheduleItemEventArgs
            
             -----------------------------------------------------------------------------
             <summary>
             The ScheduleItemEventArgs class can be used with the OnItemCreated and
             OnItemDataBound events of the Schedule controls
             </summary>
        </member>
    </members>
</doc>
